{
  "2Dimensions": {
    "errorType": "status_code",
    "rank": 664639,
    "url": "https://2Dimensions.com/a/{}",
    "urlMain": "https://2Dimensions.com/",
    "username_claimed": "blue",
    "username_unclaimed": "noonewouldeverusethis7"
  },
  "3dnews": {
    "errorMsg": "\u041f\u043e\u043b\u044c\u0437\u043e\u0432\u0430\u0442\u0435\u043b\u044c \u043d\u0435 \u0437\u0430\u0440\u0435\u0433\u0438\u0441\u0442\u0440\u0438\u0440\u043e\u0432\u0430\u043d \u0438 \u043d\u0435 \u0438\u043c\u0435\u0435\u0442 \u043f\u0440\u043e\u0444\u0438\u043b\u044f \u0434\u043b\u044f \u043f\u0440\u043e\u0441\u043c\u043e\u0442\u0440\u0430.",
    "errorType": "message",
    "rank": 8089,
    "url": "http://forum.3dnews.ru/member.php?username={}",
    "urlMain": "http://forum.3dnews.ru/",
    "username_claimed": "red",
    "username_unclaimed": "noonewouldeverusethis7"
  },
  "4pda": {
    "errorMsg": "\u041a \u0441\u043e\u0436\u0430\u043b\u0435\u043d\u0438\u044e, \u0412\u0430\u0448 \u043f\u043e\u0438\u0441\u043a \u043d\u0435 \u0434\u0430\u043b \u043d\u0438\u043a\u0430\u043a\u0438\u0445 \u0440\u0435\u0437\u0443\u043b\u044c\u0442\u0430\u0442\u043e\u0432.",
    "errorType": "message",
    "rank": 2110,
    "url": "https://4pda.ru/forum/index.php?act=search&source=pst&noform=1&username={}",
    "urlMain": "https://4pda.ru/",
    "username_claimed": "green",
    "username_unclaimed": "noonewouldeverusethis7"
  },
  "500px": {
    "errorMsg": "Oops! This page doesn\u2019t exist.",
    "errorType": "message",
    "rank": 2996,
    "url": "https://500px.com/{}",
    "urlMain": "https://500px.com/",
    "username_claimed": "blue",
    "username_unclaimed": "noonewouldeverusethis7"
  },
  "7Cups": {
    "errorType": "status_code",
    "rank": 45946,
    "url": "https://www.7cups.com/@{}",
    "urlMain": "https://www.7cups.com/",
    "username_claimed": "blue",
    "username_unclaimed": "noonewouldeverusethis7"
  },
  "9GAG": {
    "errorType": "status_code",
    "rank": 393,
    "url": "https://9gag.com/u/{}",
    "urlMain": "https://9gag.com/",
    "username_claimed": "blue",
    "username_unclaimed": "noonewouldeverusethis7"
  },
  "About.me": {
    "errorType": "status_code",
    "rank": 12959,
    "url": "https://about.me/{}",
    "urlMain": "https://about.me/",
    "username_claimed": "blue",
    "username_unclaimed": "noonewouldeverusethis7"
  },
  "Academia.edu": {
    "errorType": "status_code",
    "rank": 190,
    "url": "https://independent.academia.edu/{}",
    "urlMain": "https://www.academia.edu/",
    "username_claimed": "blue",
    "username_unclaimed": "noonewouldeverusethis7"
  },
  "AdobeForums": {
    "errorType": "status_code",
    "rank": 59,
    "url": "https://forums.adobe.com/people/{}",
    "urlMain": "https://forums.adobe.com/",
    "username_claimed": "jack",
    "username_unclaimed": "noonewouldeverusethis77777"
  },
  "Alik.cz": {
    "errorType": "status_code",
    "rank": 624805,
    "url": "https://www.alik.cz/u/{}",
    "urlMain": "https://www.alik.cz/",
    "username_claimed": "julian",
    "username_unclaimed": "noonewouldeverusethis"
  },
  "AllTrails": {
    "errorType": "response_url",
    "errorUrl": "https://alltrails.com/members",
    "rank": 9888,
    "url": "https://www.alltrails.com/members/{}",
    "urlMain": "https://www.alltrails.com/",
    "username_claimed": "blue",
    "username_unclaimed": "noonewouldeverusethis7"
  },
  "Anobii": {
    "errorType": "response_url",
    "rank": 30432,
    "url": "https://www.anobii.com/{}/profile",
    "urlMain": "https://www.anobii.com/",
    "username_claimed": "blue",
    "username_unclaimed": "noonewouldeverusethis7"
  },
  "Aptoide": {
    "errorType": "status_code",
    "rank": 5112,
    "url": "https://{}.en.aptoide.com/",
    "urlMain": "https://en.aptoide.com/",
    "username_claimed": "blue",
    "username_unclaimed": "noonewouldeverusethis7"
  },
  "Archive.org": {
    "errorMsg": "cannot find account",
    "errorType": "message",
    "rank": 204,
    "url": "https://archive.org/details/@{}",
    "urlMain": "https://archive.org",
    "username_claimed": "blue",
    "username_unclaimed": "noonewould"
  },
  "Asciinema": {
    "errorType": "status_code",
    "rank": 80538,
    "url": "https://asciinema.org/~{}",
    "urlMain": "https://asciinema.org",
    "username_claimed": "red",
    "username_unclaimed": "noonewouldeverusethis7"
  },
  "Ask Fedora": {
    "errorType": "status_code",
    "rank": 28474,
    "url": "https://ask.fedoraproject.org/u/{}",
    "urlMain": "https://ask.fedoraproject.org/",
    "username_claimed": "red",
    "username_unclaimed": "noonewouldeverusethis7"
  },
  "AskFM": {
    "errorMsg": "Well, apparently not anymore.",
    "errorType": "message",
    "rank": 2315,
    "regexCheck": "^[a-zA-Z0-9_]{3,40}$",
    "url": "https://ask.fm/{}",
    "urlMain": "https://ask.fm/",
    "username_claimed": "blue",
    "username_unclaimed": "noonewouldeverusethis7"
  },
  "Audiojungle": {
    "errorType": "status_code",
    "rank": 4792,
    "url": "https://audiojungle.net/user/{}",
    "urlMain": "https://audiojungle.net/",
    "username_claimed": "blue",
    "username_unclaimed": "noonewouldeverusethis7"
  },
  "Avizo": {
    "errorType": "response_url",
    "errorUrl": "https://www.avizo.cz/",
    "rank": 241172,
    "url": "https://www.avizo.cz/{}/",
    "urlMain": "https://www.avizo.cz/",
    "username_claimed": "blue",
    "username_unclaimed": "noonewouldeverusethis"
  },
  "BLIP.fm": {
    "errorType": "status_code",
    "rank": 153907,
    "url": "https://blip.fm/{}",
    "urlMain": "https://blip.fm/",
    "username_claimed": "blue",
    "username_unclaimed": "noonewouldeverusethis7"
  },
  "BOOTH": {
    "errorType": "response_url",
    "errorUrl": "https://booth.pm/",
    "rank": 7305,
    "url": "https://{}.booth.pm/",
    "urlMain": "https://booth.pm/",
    "username_claimed": "blue",
    "username_unclaimed": "noonewouldeverusethis7"
  },
  "Badoo": {
    "errorType": "status_code",
    "rank": 1700,
    "url": "https://badoo.com/profile/{}",
    "urlMain": "https://badoo.com/",
    "username_claimed": "blue",
    "username_unclaimed": "noonewouldeverusethis7"
  },
  "Bandcamp": {
    "errorType": "status_code",
    "rank": 1006,
    "url": "https://www.bandcamp.com/{}",
    "urlMain": "https://www.bandcamp.com/",
    "username_claimed": "blue",
    "username_unclaimed": "noonewouldeverusethis7"
  },
  "Bazar.cz": {
    "errorType": "response_url",
    "errorUrl": "https://www.bazar.cz/error404.aspx",
    "rank": 464381,
    "url": "https://www.bazar.cz/{}/",
    "urlMain": "https://www.bazar.cz/",
    "username_claimed": "pianina",
    "username_unclaimed": "noonewouldeverusethis"
  },
  "Behance": {
    "errorType": "status_code",
    "rank": 335,
    "url": "https://www.behance.net/{}",
    "urlMain": "https://www.behance.net/",
    "username_claimed": "blue",
    "username_unclaimed": "noonewouldeverusethis7"
  },
  "BitBucket": {
    "errorType": "status_code",
    "rank": 2166,
    "url": "https://bitbucket.org/{}/",
    "urlMain": "https://bitbucket.org/",
    "username_claimed": "white",
    "username_unclaimed": "noonewouldeverusethis7"
  },
  "BitCoinForum": {
    "errorMsg": "The user whose profile you are trying to view does not exist.",
    "errorType": "message",
    "rank": 139942,
    "url": "https://bitcoinforum.com/profile/{}",
    "urlMain": "https://bitcoinforum.com",
    "username_claimed": "bitcoinforum.com",
    "username_unclaimed": "noonewouldeverusethis7"
  },
  "Blogger": {
    "errorType": "status_code",
    "rank": 348,
    "regexCheck": "^[a-zA-Z][a-zA-Z0-9_-]*$",
    "url": "https://{}.blogspot.com",
    "urlMain": "https://www.blogger.com/",
    "username_claimed": "blue",
    "username_unclaimed": "noonewouldeverusethis7"
  },
  "BodyBuilding": {
    "errorType": "response_url",
    "errorUrl": "https://bodyspace.bodybuilding.com/",
    "rank": 2104,
    "url": "https://bodyspace.bodybuilding.com/{}",
    "urlMain": "https://bodyspace.bodybuilding.com/",
    "username_claimed": "blue",
    "username_unclaimed": "noonewouldeverusethis7"
  },
  "Bookcrossing": {
    "errorType": "status_code",
    "rank": 44743,
    "url": "https://www.bookcrossing.com/mybookshelf/{}/",
    "urlMain": "https://www.bookcrossing.com/",
    "username_claimed": "blue",
    "username_unclaimed": "noonewouldeverusethis"
  },
  "BuyMeACoffee": {
    "errorType": "status_code",
    "rank": 23804,
    "url": "https://buymeacoff.ee/{}",
    "urlMain": "https://www.buymeacoffee.com/",
    "urlProbe": "https://www.buymeacoffee.com/{}",
    "username_claimed": "red",
    "username_unclaimed": "noonewouldeverusethis7"
  },
  "BuzzFeed": {
    "errorType": "status_code",
    "rank": 380,
    "url": "https://buzzfeed.com/{}",
    "urlMain": "https://buzzfeed.com/",
    "username_claimed": "blue",
    "username_unclaimed": "xgtrq"
  },
  "CNET": {
    "errorType": "status_code",
    "rank": 131,
    "url": "https://www.cnet.com/profiles/{}/",
    "urlMain": "https://www.cnet.com/",
    "username_claimed": "blue",
    "username_unclaimed": "noonewouldeverusethis"
  },
  "Carbonmade": {
    "errorType": "response_url",
    "errorUrl": "https://carbonmade.com/fourohfour?domain={}.carbonmade.com",
    "rank": 20640,
    "url": "https://{}.carbonmade.com",
    "urlMain": "https://carbonmade.com/",
    "username_claimed": "jenny",
    "username_unclaimed": "noonewouldeverusethis7"
  },
  "Career.habr": {
    "errorMsg": "<h1>Ошибка 404</h1>",
    "errorType": "message",
    "url": "https://career.habr.com/{}",
    "urlMain": "https://career.habr.com/",
    "username_claimed": "blue",
    "username_unclaimed": "noonewouldeverusethis7"
  },
  "CashMe": {
    "errorType": "status_code",
    "rank": 0,
    "url": "https://cash.me/${}",
    "urlMain": "https://cash.me/",
    "username_claimed": "Jenny",
    "username_unclaimed": "noonewouldeverusethis7"
  },
  "Cent": {
    "errorMsg": "<title>Cent</title>",
    "errorType": "message",
    "rank": 258938,
    "url": "https://beta.cent.co/@{}",
    "urlMain": "https://cent.co/",
    "username_claimed": "blue",
    "username_unclaimed": "noonewouldeverusethis7"
  },
  "Championat": {
    "errorType": "status_code",
    "rank": 1223,
    "url": "https://www.championat.com/user/{}",
    "urlMain": "https://www.championat.com/",
    "username_claimed": "blue",
    "username_unclaimed": "noonewouldeverusethis7"
  },
  "Chatujme.cz": {
    "errorMsg": "Neexistujic\u00ed profil",
    "errorType": "message",
    "rank": 1814774,
    "url": "https://profil.chatujme.cz/{}",
    "urlMain": "https://chatujme.cz/",
    "username_claimed": "david",
    "username_unclaimed": "noonewouldeverusethis"
  },
  "Chess": {
    "errorMsg": "Missing page... somebody made a wrong move.",
    "errorType": "message",
    "rank": 643,
    "url": "https://www.chess.com/ru/member/{}",
    "urlMain": "https://www.chess.com/ru/",
    "username_claimed": "blue",
    "username_unclaimed": "noonewouldeverusethis7"
  },
  "Cloob": {
    "errorType": "status_code",
    "rank": 8353,
    "url": "https://www.cloob.com/name/{}",
    "urlMain": "https://www.cloob.com/",
    "username_claimed": "blue",
    "username_unclaimed": "noonewouldeverusethis7"
  },
  "CloudflareCommunity": {
    "errorType": "status_code",
    "rank": 2106,
    "url": "https://community.cloudflare.com/u/{}",
    "urlMain": "https://community.cloudflare.com/",
    "username_claimed": "blue",
    "username_unclaimed": "noonewouldeverusethis"
  },
  "Clozemaster": {
    "errorType": "status_code",
    "rank": 87276,
    "url": "https://www.clozemaster.com/players/{}",
    "urlMain": "https://www.clozemaster.com",
    "username_claimed": "green",
    "username_unclaimed": "noonewouldeverusethis7"
  },
  "Codecademy": {
    "errorType": "status_code",
    "rank": 2964,
    "url": "https://www.codecademy.com/profiles/{}",
    "urlMain": "https://www.codecademy.com/",
    "username_claimed": "blue",
    "username_unclaimed": "noonewouldeverusethis7"
  },
  "Codechef": {
    "errorType": "response_url",
    "errorUrl": "https://www.codechef.com/",
    "rank": 11813,
    "url": "https://www.codechef.com/users/{}",
    "urlMain": "https://www.codechef.com/",
    "username_claimed": "blue",
    "username_unclaimed": "noonewouldeverusethis7"
  },
  "Coderwall": {
    "errorMsg": "404! Our feels when that url is used",
    "errorType": "message",
    "rank": 16633,
    "url": "https://coderwall.com/{}",
    "urlMain": "https://coderwall.com/",
    "username_claimed": "jenny",
    "username_unclaimed": "noonewouldeverusethis7"
  },
  "Codewars": {
    "errorType": "status_code",
    "rank": 21395,
    "url": "https://www.codewars.com/users/{}",
    "urlMain": "https://www.codewars.com",
    "username_claimed": "example",
    "username_unclaimed": "noonewouldeverusethis7"
  },
  "ColourLovers": {
    "errorType": "status_code",
    "rank": 18798,
    "url": "https://www.colourlovers.com/lover/{}",
    "urlMain": "https://www.colourlovers.com/",
    "username_claimed": "blue",
    "username_unclaimed": "noonewouldeverusethis7"
  },
  "Contently": {
    "errorMsg": "We can't find that page!",
    "errorType": "message",
    "rank": 18950,
    "regexCheck": "^[a-zA-Z][a-zA-Z0-9_-]*$",
    "url": "https://{}.contently.com/",
    "urlMain": "https://contently.com/",
    "username_claimed": "jordanteicher",
    "username_unclaimed": "noonewouldeverusethis7"
  },
  "Coroflot": {
    "errorType": "status_code",
    "rank": 24763,
    "url": "https://www.coroflot.com/{}",
    "urlMain": "https://coroflot.com/",
    "username_claimed": "blue",
    "username_unclaimed": "noonewouldeverusethis7"
  },
  "Cracked": {
    "errorType": "response_url",
    "errorUrl": "https://www.cracked.com/",
    "rank": 3835,
    "url": "https://www.cracked.com/members/{}/",
    "urlMain": "https://www.cracked.com/",
    "username_claimed": "blue",
    "username_unclaimed": "noonewouldeverusethis"
  },
  "CreativeMarket": {
    "errorType": "response_url",
    "errorUrl": "https://www.creativemarket.com/",
    "rank": 2124,
    "url": "https://creativemarket.com/users/{}",
    "urlMain": "https://creativemarket.com/",
    "username_claimed": "blue",
    "username_unclaimed": "noonewouldeverusethis7"
  },
  "Crevado": {
    "errorType": "status_code",
    "rank": 152706,
    "url": "https://{}.crevado.com",
    "urlMain": "https://crevado.com/",
    "username_claimed": "blue",
    "username_unclaimed": "noonewouldeverusethis7"
  },
  "Crunchyroll": {
    "errorType": "status_code",
    "rank": 433,
    "url": "https://www.crunchyroll.com/user/{}",
    "urlMain": "https://www.crunchyroll.com/",
    "username_claimed": "blue",
    "username_unclaimed": "noonewouldeverusethis7"
  },
  "DEV Community": {
    "errorType": "status_code",
    "rank": 7871,
    "regexCheck": "^[a-zA-Z][a-zA-Z0-9_-]*$",
    "url": "https://dev.to/{}",
    "urlMain": "https://dev.to/",
    "username_claimed": "blue",
    "username_unclaimed": "noonewouldeverusethis7"
  },
  "DailyMotion": {
    "errorType": "status_code",
    "rank": 188,
    "url": "https://www.dailymotion.com/{}",
    "urlMain": "https://www.dailymotion.com/",
    "username_claimed": "blue",
    "username_unclaimed": "noonewouldeverusethis7"
  },
  "Designspiration": {
    "errorType": "status_code",
    "rank": 0,
    "url": "https://www.designspiration.net/{}/",
    "urlMain": "https://www.designspiration.net/",
    "username_claimed": "blue",
    "username_unclaimed": "noonewouldeverusethis7"
  },
  "DeviantART": {
    "errorType": "status_code",
    "rank": 398,
    "regexCheck": "^[a-zA-Z][a-zA-Z0-9_-]*$",
    "url": "https://{}.deviantart.com",
    "urlMain": "https://deviantart.com",
    "username_claimed": "blue",
    "username_unclaimed": "noonewouldeverusethis7"
  },
  "Discogs": {
    "errorType": "status_code",
    "rank": 991,
    "url": "https://www.discogs.com/user/{}",
    "urlMain": "https://www.discogs.com/",
    "username_claimed": "blue",
    "username_unclaimed": "noonewouldeverusethis7"
  },
  "Discuss.Elastic.co": {
    "errorType": "status_code",
    "rank": 8649,
    "url": "https://discuss.elastic.co/u/{}",
    "urlMain": "https://discuss.elastic.co/",
    "username_claimed": "blue",
    "username_unclaimed": "noonewouldeverusethis7"
  },
  "Disqus": {
    "errorType": "status_code",
    "rank": 975,
    "url": "https://disqus.com/{}",
    "urlMain": "https://disqus.com/",
    "username_claimed": "blue",
    "username_unclaimed": "noonewouldeverusethis7"
  },
  "Docker Hub": {
    "errorType": "status_code",
    "rank": 4062,
    "url": "https://hub.docker.com/u/{}/",
    "urlMain": "https://hub.docker.com/",
    "urlProbe": "https://hub.docker.com/v2/users/{}/",
    "username_claimed": "blue",
    "username_unclaimed": "noonewouldeverusethis7"
  },
  "Dribbble": {
    "errorMsg": "Whoops, that page is gone.",
    "errorType": "message",
    "rank": 1294,
    "regexCheck": "^[a-zA-Z][a-zA-Z0-9_-]*$",
    "url": "https://dribbble.com/{}",
    "urlMain": "https://dribbble.com/",
    "username_claimed": "blue",
    "username_unclaimed": "noonewouldeverusethis7"
  },
  "Duolingo": {
    "errorMsg": "{\"users\":[]}",
    "errorType": "message",
    "rank": 549,
    "url": "https://www.duolingo.com/profile/{}",
    "urlMain": "https://duolingo.com/",
    "urlProbe": "https://www.duolingo.com/2017-06-30/users?username={}",
    "username_claimed": "blue",
    "username_unclaimed": "noonewouldeverusethis7"
  },
  "Ebay": {
    "errorMsg": "The User ID you entered was not found",
    "errorType": "message",
    "rank": 45,
    "url": "https://www.ebay.com/usr/{}",
    "urlMain": "https://www.ebay.com/",
    "username_claimed": "blue",
    "username_unclaimed": "noonewouldeverusethis7"
  },
  "Euw": {
    "errorMsg": "This summoner is not registered at OP.GG. Please check spelling.",
    "errorType": "message", 
    "rank": 450,
    "url": "https://euw.op.gg/summoner/userName={}",
    "urlMain": "https://euw.op.gg/",
    "username_claimed": "blue",
    "username_unclaimed": "noonewouldeverusethis7"
  },
  "Ello": {
    "errorMsg": "We couldn't find the page you're looking for",
    "errorType": "message",
    "rank": 43722,
    "url": "https://ello.co/{}",
    "urlMain": "https://ello.co/",
    "username_claimed": "blue",
    "username_unclaimed": "noonewouldeverusethis7"
  },
  "Etsy": {
    "errorType": "status_code",
    "rank": 146,
    "url": "https://www.etsy.com/shop/{}",
    "urlMain": "https://www.etsy.com/",
    "username_claimed": "JennyKrafts",
    "username_unclaimed": "noonewouldeverusethis7"
  },
  "EyeEm": {
    "errorType": "response_url",
    "errorUrl": "https://www.eyeem.com/",
    "rank": 41280,
    "url": "https://www.eyeem.com/u/{}",
    "urlMain": "https://www.eyeem.com/",
    "username_claimed": "blue",
    "username_unclaimed": "noonewouldeverusethis7"
  },
  "F3.cool": {
    "errorType": "status_code",
    "rank": 44255,
    "url": "https://f3.cool/{}/",
    "urlMain": "https://f3.cool/",
    "username_claimed": "blue",
    "username_unclaimed": "noonewouldeverusethis7"
  },
  "Facebook": {
    "errorType": "status_code",
    "rank": 7,
    "regexCheck": "^[a-zA-Z0-9\\.]{3,49}(?<!\\.com|\\.org|\\.net)$",
    "url": "https://www.facebook.com/{}",
    "urlMain": "https://www.facebook.com/",
    "username_claimed": "blue",
    "username_unclaimed": "noonewouldeverusethis7"
  },
  "Facenama": {
    "errorType": "response_url",
    "errorUrl": "https://facenama.com/404.html",
    "rank": 6356,
    "url": "https://facenama.com/{}",
    "urlMain": "https://facenama.com/",
    "username_claimed": "blue",
    "username_unclaimed": "noonewouldeverusethis77"
  },
  "Fandom": {
    "errorType": "status_code",
    "rank": 98,
    "url": "https://www.fandom.com/u/{}",
    "urlMain": "https://www.fandom.com/",
    "username_claimed": "Jungypoo",
    "username_unclaimed": "noonewouldeverusethis7"
  },
  "Filmogs": {
    "errorType": "status_code",
    "rank": 1495719,
    "url": "https://www.filmo.gs/users/{}",
    "urlMain": "https://www.filmo.gs/",
    "username_claimed": "cupparober",
    "username_unclaimed": "noonewouldeverusethis7"
  },
  "Fiverr": {
    "errorType": "response_url",
    "errorUrl": "https://www.fiverr.com/",
    "rank": 300,
    "url": "https://www.fiverr.com/{}",
    "urlMain": "https://www.fiverr.com/",
    "username_claimed": "blue",
    "username_unclaimed": "noonewouldeverusethis"
  },
  "Flickr": {
    "errorType": "status_code",
    "rank": 829,
    "url": "https://www.flickr.com/people/{}",
    "urlMain": "https://www.flickr.com/",
    "username_claimed": "blue",
    "username_unclaimed": "noonewouldeverusethis7"
  },
  "Flightradar24": {
    "errorType": "status_code",
    "rank": 1618,
    "regexCheck": "^[a-zA-Z0-9_]{3,20}$",
    "url": "https://my.flightradar24.com/{}",
    "urlMain": "https://www.flightradar24.com/",
    "username_claimed": "jebbrooks",
    "username_unclaimed": "xgtrq"
  },
  "Flipboard": {
    "errorType": "status_code",
    "rank": 7926,
    "regexCheck": "^([a-zA-Z0-9_]){1,15}$",
    "url": "https://flipboard.com/@{}",
    "urlMain": "https://flipboard.com/",
    "username_claimed": "blue",
    "username_unclaimed": "noonewould"
  },
  "Football": {
    "errorMsg": "\u041f\u043e\u043b\u044c\u0437\u043e\u0432\u0430\u0442\u0435\u043b\u044c \u0441 \u0442\u0430\u043a\u0438\u043c \u0438\u043c\u0435\u043d\u0435\u043c \u043d\u0435 \u043d\u0430\u0439\u0434\u0435\u043d",
    "errorType": "message",
    "rank": 63611,
    "url": "https://www.rusfootball.info/user/{}/",
    "urlMain": "https://www.rusfootball.info/",
    "username_claimed": "solo87",
    "username_unclaimed": "noonewouldeverusethis7"
  },
  "FortniteTracker": {
    "errorType": "status_code",
    "rank": 7116,
    "url": "https://fortnitetracker.com/profile/all/{}",
    "urlMain": "https://fortnitetracker.com/challenges",
    "username_claimed": "blue",
    "username_unclaimed": "noonewouldeverusethis"
  },
  "Freelance.habr": {
    "errorMsg": "<div class=\"icon_user_locked\"></div>",
    "errorType": "message",
    "rank": 1911,
    "url": "https://freelance.habr.com/freelancers/{}",
    "urlMain": "https://freelance.habr.com/",
    "username_claimed": "adam",
    "username_unclaimed": "noonewouldeverusethis7"
  },
  "Freesound": {
    "errorType": "status_code",
    "rank": 9016,
    "url": "https://freesound.org/people/{}/",
    "urlMain": "https://freesound.org/",
    "username_claimed": "blue",
    "username_unclaimed": "noonewouldeverusethis"
  },
  "GDProfiles": {
    "errorType": "status_code",
    "rank": 2443843,
    "url": "https://gdprofiles.com/{}",
    "urlMain": "https://gdprofiles.com/",
    "username_claimed": "blue",
    "username_unclaimed": "noonewouldeverusethis"
  },
  "AllTrails": {
    "errorMsg": "User could not be found.",
    "errorType": "message",
    "rank": 118891,
    "url": "https://www.alltrails.com/members/{}",
    "urlMain": "https://www.alltrails.com/",
    "username_claimed": "blue",
    "username_unclaimed": "noonewouldeverusethis"
  },
  "Gamespot": {
    "errorType": "status_code",
    "rank": 535,
    "url": "https://www.gamespot.com/profile/{}/",
    "urlMain": "https://www.gamespot.com/",
    "username_claimed": "blue",
    "username_unclaimed": "noonewouldeverusethis"
  },
  "Giphy": {
    "errorType": "status_code",
    "rank": 394,
    "url": "https://giphy.com/{}",
    "urlMain": "https://giphy.com/",
    "username_claimed": "blue",
    "username_unclaimed": "noonewouldeverusethis7"
  },
  "GitHub": {
    "errorType": "status_code",
    "rank": 72,
    "regexCheck": "^[a-zA-Z0-9](?:[a-zA-Z0-9]|-(?=[a-zA-Z0-9])){0,38}$",
    "url": "https://www.github.com/{}",
    "urlMain": "https://www.github.com/",
    "username_claimed": "blue",
    "username_unclaimed": "noonewouldeverusethis7"
  },
  "GitLab": {
    "errorMsg": "[]",
    "errorType": "message",
    "rank": 3900,
    "url": "https://gitlab.com/{}",
    "urlMain": "https://gitlab.com/",
    "urlProbe": "https://gitlab.com/api/v4/users?username={}",
    "username_claimed": "blue",
    "username_unclaimed": "noonewouldeverusethis7"
  },
  "Gitee": {
    "errorType": "status_code",
    "rank": 7215,
    "url": "https://gitee.com/{}",
    "urlMain": "https://gitee.com/",
    "username_claimed": "wizzer",
    "username_unclaimed": "noonewouldeverusethis7"
  },
  "GoodReads": {
    "errorType": "status_code",
    "rank": 303,
    "url": "https://www.goodreads.com/{}",
    "urlMain": "https://www.goodreads.com/",
    "username_claimed": "blue",
    "username_unclaimed": "noonewouldeverusethis7"
  },
  "Gravatar": {
    "errorType": "status_code",
    "rank": 7922,
    "url": "http://en.gravatar.com/{}",
    "urlMain": "http://en.gravatar.com/",
    "username_claimed": "blue",
    "username_unclaimed": "noonewouldeverusethis7"
  },
  "Gumroad": {
    "errorMsg": "Page not found.",
    "errorType": "message",
    "rank": 6086,
    "url": "https://www.gumroad.com/{}",
    "urlMain": "https://www.gumroad.com/",
    "username_claimed": "blue",
    "username_unclaimed": "noonewouldeverusethis7"
  },
  "GunsAndAmmo": {
    "errorType": "status_code",
    "rank": 172169,
    "url": "https://forums.gunsandammo.com/profile/{}",
    "urlMain": "https://gunsandammo.com/",
    "username_claimed": "adam",
    "username_unclaimed": "noonewouldeverusethis7"
  },
  "GuruShots": {
    "errorType": "status_code",
    "rank": 18706,
    "url": "https://gurushots.com/{}/photos",
    "urlMain": "https://gurushots.com/",
    "username_claimed": "blue",
    "username_unclaimed": "noonewouldeverusethis7"
  },
  "HackTheBox": {
    "errorType": "status_code",
    "rank": 40152,
    "url": "https://forum.hackthebox.eu/profile/{}",
    "urlMain": "https://forum.hackthebox.eu/",
    "username_claimed": "angar",
    "username_unclaimed": "noonewouldeverusethis"
  },
  "HackerNews": {
    "errorMsg": "No such user.",
    "errorType": "message",
    "rank": 4513,
    "url": "https://news.ycombinator.com/user?id={}",
    "urlMain": "https://news.ycombinator.com/",
    "username_claimed": "blue",
    "username_unclaimed": "noonewouldeverusethis7"
  },
  "HackerOne": {
    "errorMsg": "Page not found",
    "errorType": "message",
    "rank": 20093,
    "url": "https://hackerone.com/{}",
    "urlMain": "https://hackerone.com/",
    "username_claimed": "blue",
    "username_unclaimed": "noonewouldeverusethis7"
  },
  "HackerRank": {
    "errorMsg": "Something went wrong",
    "errorType": "message",
    "rank": 3222,
    "url": "https://hackerrank.com/{}",
    "urlMain": "https://hackerrank.com/",
    "username_claimed": "satznova",
    "username_unclaimed": "noonewouldeverusethis7"
  },
  "House-Mixes.com": {
    "errorMsg": "Profile Not Found",
    "errorType": "message",
    "rank": 2344261,
    "regexCheck": "^[a-zA-Z0-9]+(-[a-zA-Z0-9]+)*$",
    "url": "https://www.house-mixes.com/profile/{}",
    "urlMain": "https://www.house-mixes.com/",
    "username_claimed": "blue",
    "username_unclaimed": "noonewouldeverusethis7"
  },
  "Houzz": {
    "errorMsg": "The page you requested was not found.",
    "errorType": "message",
    "rank": 1989,
    "url": "https://houzz.com/user/{}",
    "urlMain": "https://houzz.com/",
    "username_claimed": "blue",
    "username_unclaimed": "noonewouldeverusethis7"
  },
  "HubPages": {
    "errorType": "status_code",
    "rank": 3121,
    "url": "https://hubpages.com/@{}",
    "urlMain": "https://hubpages.com/",
    "username_claimed": "blue",
    "username_unclaimed": "noonewouldeverusethis"
  },
  "Hubski": {
    "errorMsg": "No such user",
    "errorType": "message",
    "rank": 180289,
    "url": "https://hubski.com/user/{}",
    "urlMain": "https://hubski.com/",
    "username_claimed": "blue",
    "username_unclaimed": "noonewouldeverusethis7"
  },
  "IFTTT": {
    "errorMsg": "The requested page or file does not exist",
    "errorType": "message",
    "rank": 9140,
    "regexCheck": "^[A-Za-z0-9]{3,35}$",
    "url": "https://www.ifttt.com/p/{}",
    "urlMain": "https://www.ifttt.com/",
    "username_claimed": "blue",
    "username_unclaimed": "noonewouldeverusethis7"
  },
  "ImageShack": {
    "errorType": "response_url",
    "errorUrl": "https://imageshack.us/",
    "rank": 35265,
    "url": "https://imageshack.us/user/{}",
    "urlMain": "https://imageshack.us/",
    "username_claimed": "blue",
    "username_unclaimed": "noonewouldeverusethis7"
  },
  "ImgUp.cz": {
    "errorType": "status_code",
    "rank": 859166,
    "url": "https://imgup.cz/{}",
    "urlMain": "https://imgup.cz/",
    "username_claimed": "adam",
    "username_unclaimed": "noonewouldeverusethis"
  },
  "Instagram": {
    "errorType": "status_code",
    "rank": 32,
    "url": "https://www.instagram.com/{}",
    "urlMain": "https://www.instagram.com/",
    "username_claimed": "blue",
    "username_unclaimed": "noonewouldeverusethis7"
  },
  "Instructables": {
    "errorMsg": "404: We're sorry, things break sometimes",
    "errorType": "message",
    "rank": 1172,
    "url": "https://www.instructables.com/member/{}",
    "urlMain": "https://www.instructables.com/",
    "username_claimed": "blue",
    "username_unclaimed": "noonewouldeverusethis7"
  },
  "Investing.com": {
    "errorType": "status_code",
    "rank": 316,
    "url": "https://www.investing.com/traders/{}",
    "urlMain": "https://www.investing.com/",
    "username_claimed": "jenny",
    "username_unclaimed": "noonewouldeverusethis7"
  },
  "Issuu": {
    "errorType": "status_code",
    "rank": 516,
    "url": "https://issuu.com/{}",
    "urlMain": "https://issuu.com/",
    "username_claimed": "jenny",
    "username_unclaimed": "noonewouldeverusethis7"
  },
  "Itch.io": {
    "errorType": "status_code",
    "rank": 2154,
    "url": "https://{}.itch.io/",
    "urlMain": "https://itch.io/",
    "username_claimed": "blue",
    "username_unclaimed": "noonewouldeverusethis7"
  },
  "Jimdo": {
    "errorType": "status_code",
    "noPeriod": "True",
    "rank": 33162,
    "url": "https://{}.jimdosite.com",
    "urlMain": "https://jimdosite.com/",
    "username_claimed": "jenny",
    "username_unclaimed": "noonewouldeverusethis7"
  },
  "Kaggle": {
    "errorType": "status_code",
    "rank": 3541,
    "url": "https://www.kaggle.com/{}",
    "urlMain": "https://www.kaggle.com/",
    "username_claimed": "dansbecker",
    "username_unclaimed": "noonewouldeverusethis7"
  },
  "Kali community": {
    "errorMsg": "This user has not registered and therefore does not have a profile to view.",
    "errorType": "message",
    "rank": 10313,
    "url": "https://forums.kali.org/member.php?username={}",
    "urlMain": "https://forums.kali.org/",
    "username_claimed": "blue",
    "username_unclaimed": "noonewouldeverusethis7"
  },
  "KanoWorld": {
    "errorType": "status_code",
    "rank": 136722,
    "url": "https://api.kano.me/progress/user/{}",
    "urlMain": "https://world.kano.me/",
    "username_claimed": "blue",
    "username_unclaimed": "noonewouldeverusethis7"
  },
  "Keybase": {
    "errorType": "status_code",
    "rank": 43773,
    "url": "https://keybase.io/{}",
    "urlMain": "https://keybase.io/",
    "username_claimed": "blue",
    "username_unclaimed": "noonewouldeverusethis7"
  },
  "Kik": {
    "errorMsg": "The page you requested was not found",
    "errorType": "message",
    "rank": 340426,
    "url": "https://ws2.kik.com/user/{}",
    "urlMain": "http://kik.me/",
    "username_claimed": "blue",
    "username_unclaimed": "noonewouldeverusethis7"
  },
  "Kongregate": {
    "errorMsg": "Sorry, no account with that name was found.",
    "errorType": "message",
    "rank": 2290,
    "regexCheck": "^[a-zA-Z][a-zA-Z0-9_-]*$",
    "url": "https://www.kongregate.com/accounts/{}",
    "urlMain": "https://www.kongregate.com/",
    "username_claimed": "blue",
    "username_unclaimed": "noonewouldeverusethis7"
  },
  "Lolchess": {
    "errorMsg": "No search results",
    "errorType": "message",
    "rank": 5851,
    "url": "https://lolchess.gg/profile/na/{}",
    "urlMain": "https://lolchess.gg/",
    "username_claimed": "blue",
    "username_unclaimed": "noonewouldeverusethis7"
  },
  "LOR": {
    "errorType": "status_code",
    "rank": 25688,
    "url": "https://www.linux.org.ru/people/{}/profile",
    "urlMain": "https://linux.org.ru/",
    "username_claimed": "red",
    "username_unclaimed": "noonewouldeverusethis7"
  },
  "Launchpad": {
    "errorType": "status_code",
    "rank": 9758,
    "url": "https://launchpad.net/~{}",
    "urlMain": "https://launchpad.net/",
    "username_claimed": "blue",
    "username_unclaimed": "noonewouldeverusethis7"
  },
  "LeetCode": {
    "errorType": "status_code",
    "rank": 3485,
    "url": "https://leetcode.com/{}",
    "urlMain": "https://leetcode.com/",
    "username_claimed": "blue",
    "username_unclaimed": "noonewouldeverusethis7"
  },
  "Letterboxd": {
    "errorMsg": "Sorry, we can\u2019t find the page you\u2019ve requested.",
    "errorType": "message",
    "rank": 3928,
    "url": "https://letterboxd.com/{}",
    "urlMain": "https://letterboxd.com/",
    "username_claimed": "blue",
    "username_unclaimed": "noonewouldeverusethis7"
  },
  "Lichess": {
    "errorMsg": "Page not found!",
    "errorType": "message",
    "rank": 3325,
    "url": "https://lichess.org/@/{}",
    "urlMain": "https://lichess.org",
    "username_claimed": "blue",
    "username_unclaimed": "noonewouldeverusethis7"
  },
  "LiveJournal": {
    "errorType": "status_code",
    "rank": 370,
    "regexCheck": "^[a-zA-Z][a-zA-Z0-9_-]*$",
    "url": "https://{}.livejournal.com",
    "urlMain": "https://www.livejournal.com/",
    "username_claimed": "blue",
    "username_unclaimed": "noonewouldeverusethis7"
  },
  "LiveLeak": {
    "errorMsg": "channel not found",
    "errorType": "message",
    "rank": 2667,
    "url": "https://www.liveleak.com/c/{}",
    "urlMain": "https://www.liveleak.com/",
    "username_claimed": "blue",
    "username_unclaimed": "noonewouldeverusethis"
  },
  "Lobsters": {
    "errorType": "status_code",
    "rank": 200678,
    "regexCheck": "[A-Za-z0-9][A-Za-z0-9_-]{0,24}",
    "url": "https://lobste.rs/u/{}",
    "urlMain": "https://lobste.rs/",
    "username_claimed": "jcs",
    "username_unclaimed": "noonewouldeverusethis7"
  },
  "Medium": {
    "errorType": "status_code",
    "rank": 82,
    "url": "https://medium.com/@{}",
    "urlMain": "https://medium.com/",
    "username_claimed": "blue",
    "username_unclaimed": "noonewouldeverusethis7"
  },
  "MeetMe": {
    "errorType": "response_url",
    "errorUrl": "https://www.meetme.com/",
    "rank": 22301,
    "url": "https://www.meetme.com/{}",
    "urlMain": "https://www.meetme.com/",
    "username_claimed": "blue",
    "username_unclaimed": "noonewouldeverusethis7"
  },
  "Memrise": {
    "errorType": "response_url",
    "errorUrl": "https://www.memrise.com/",
    "rank": 5708,
    "url": "https://www.memrise.com/user/{}/",
    "urlMain": "https://www.memrise.com/",
    "username_claimed": "blue",
    "username_unclaimed": "noonewouldeverusethis7"
  },
  "MixCloud": {
    "errorType": "status_code",
    "rank": 2616,
    "url": "https://www.mixcloud.com/{}/",
    "urlMain": "https://www.mixcloud.com/",
    "urlProbe": "https://api.mixcloud.com/{}/",
    "username_claimed": "jenny",
    "username_unclaimed": "noonewouldeverusethis7"
  },
  "MyAnimeList": {
    "errorType": "status_code",
    "rank": 846,
    "url": "https://myanimelist.net/profile/{}",
    "urlMain": "https://myanimelist.net/",
    "username_claimed": "blue",
    "username_unclaimed": "noonewouldeverusethis7"
  },
  "Myspace": {
    "errorType": "status_code",
    "rank": 2736,
    "url": "https://myspace.com/{}",
    "urlMain": "https://myspace.com/",
    "username_claimed": "blue",
    "username_unclaimed": "noonewouldeverusethis7"
  },
  "NICommunityForum": {
    "errorMsg": "The specified member cannot be found",
    "errorType": "message",
    "rank": 7329,
    "url": "https://www.native-instruments.com/forum/members?username={}",
    "urlMain": "https://www.native-instruments.com/forum/",
    "username_claimed": "blue",
    "username_unclaimed": "noonewouldeverusethis"
  },
  "nightbot": {
    "errorType": "status_code",
    "rank": 12972,
    "url": "https://nightbot.tv/t/{}/commands",
    "urlMain": "https://nightbot.tv/",
    "urlProbe": "https://api.nightbot.tv/1/channels/t/{}",
    "username_claimed": "green",
    "username_unclaimed": "noonewouldeverusethis"
  },
  "NPM": {
    "errorType": "status_code",
    "rank": 5590,
    "url": "https://www.npmjs.com/~{}",
    "urlMain": "https://www.npmjs.com/",
    "username_claimed": "kennethsweezy",
    "username_unclaimed": "noonewould"
  },
  "NPM-Package": {
    "errorType": "status_code",
    "rank": 5590,
    "url": "https://www.npmjs.com/package/{}",
    "urlMain": "https://www.npmjs.com/",
    "username_claimed": "blue",
    "username_unclaimed": "noonewouldeverusethis7"
  },
  "NameMC (Minecraft.net skins)": {
    "errorMsg": "Profiles: 0 results",
    "errorType": "message",
    "rank": 11236,
    "url": "https://namemc.com/profile/{}",
    "urlMain": "https://namemc.com/",
    "username_claimed": "blue",
    "username_unclaimed": "noonewouldeverusethis7"
  },
  "NationStates Nation": {
    "errorMsg": "Was this your nation? It may have ceased to exist due to inactivity, but can rise again!",
    "errorType": "message",
    "rank": 46293,
    "url": "https://nationstates.net/nation={}",
    "urlMain": "https://nationstates.net",
    "username_claimed": "the_holy_principality_of_saint_mark",
    "username_unclaimed": "noonewould"
  },
  "NationStates Region": {
    "errorMsg": "does not exist.",
    "errorType": "message",
    "rank": 46293,
    "url": "https://nationstates.net/region={}",
    "urlMain": "https://nationstates.net",
    "username_claimed": "the_west_pacific",
    "username_unclaimed": "noonewould"
  },
  "Newgrounds": {
    "errorType": "status_code",
    "rank": 4782,
    "regexCheck": "^[a-zA-Z][a-zA-Z0-9_-]*$",
    "url": "https://{}.newgrounds.com",
    "urlMain": "https://newgrounds.com",
    "username_claimed": "blue",
    "username_unclaimed": "noonewouldeverusethis7"
  },
  "OK": {
    "errorType": "status_code",
    "rank": 51,
    "regexCheck": "^[a-zA-Z][a-zA-Z0-9_.-]*$",
    "url": "https://ok.ru/{}",
    "urlMain": "https://ok.ru/",
    "username_claimed": "ok",
    "username_unclaimed": "noonewouldeverusethis7"
  },
  "OpenCollective": {
    "errorMsg": "Not found",
    "errorType": "message",
    "rank": 43364,
    "url": "https://opencollective.com/{}",
    "urlMain": "https://opencollective.com/",
    "username_claimed": "sindresorhus",
    "username_unclaimed": "noonewouldeverusethis7"
  },
  "OpenStreetMap": {
    "errorType": "status_code",
    "rank": 7940,
    "url": "https://www.openstreetmap.org/user/{}",
    "urlMain": "https://www.openstreetmap.org/",
    "username_claimed": "blue",
    "username_unclaimed": "noonewouldeverusethis7"
  },
  "Oracle Community": {
    "errorType": "status_code",
    "rank": 591,
    "url": "https://community.oracle.com/people/{}",
    "urlMain": "https://community.oracle.com",
    "username_claimed": "blue",
    "username_unclaimed": "noonewouldeverusethis7"
  },
  "Otzovik": {
    "errorType": "status_code",
    "rank": 1639,
    "url": "https://otzovik.com/profile/{}",
    "urlMain": "https://otzovik.com/",
    "username_claimed": "blue",
    "username_unclaimed": "noonewouldeverusethis7"
  },
  "OurDJTalk": {
    "errorMsg": "The specified member cannot be found",
    "errorType": "message",
    "rank": 686507,
    "url": "https://ourdjtalk.com/members?username={}",
    "urlMain": "https://ourdjtalk.com/",
    "username_claimed": "steve",
    "username_unclaimed": "noonewouldeverusethis"
  },
  "PCGamer": {
    "errorMsg": "The specified member cannot be found. Please enter a member's entire name.",
    "errorType": "message", 
    "rank": 1481,   
    "url": "https://forums.pcgamer.com/members/?username={}",
    "urlMain": "https://pcgamer.com",
    "username_claimed": "admin",
    "username_unclaimed": "noonewouldeverusethis7"
  },
  "PCPartPicker": {
    "errorType": "status_code",
    "rank": 3376,
    "url": "https://pcpartpicker.com/user/{}",
    "urlMain": "https://pcpartpicker.com",
    "username_claimed": "blue",
    "username_unclaimed": "noonewouldeverusethis7"
  },
  "PSNProfiles.com": {
    "errorType": "response_url",
    "errorUrl": "https://psnprofiles.com/?psnId={}",
    "rank": 14115,
    "url": "https://psnprofiles.com/{}",
    "urlMain": "https://psnprofiles.com/",
    "username_claimed": "blue",
    "username_unclaimed": "noonewouldeverusethis"
  },
  "Packagist": {
    "errorType": "response_url",
    "errorUrl": "https://packagist.org/search/?q={}&reason=vendor_not_found",
    "rank": 28172,
    "url": "https://packagist.org/packages/{}/",
    "urlMain": "https://packagist.org/",
    "username_claimed": "psr",
    "username_unclaimed": "noonewouldeverusethis7"
  },
  "Pastebin": {
    "errorType": "response_url",
    "errorUrl": "https://pastebin.com/index",
    "rank": 1209,
    "url": "https://pastebin.com/u/{}",
    "urlMain": "https://pastebin.com/",
    "username_claimed": "blue",
    "username_unclaimed": "noonewouldeverusethis7"
  },
  "Patreon": {
    "errorType": "status_code",
    "rank": 363,
    "url": "https://www.patreon.com/{}",
    "urlMain": "https://www.patreon.com/",
    "username_claimed": "blue",
    "username_unclaimed": "noonewouldeverusethis7"
  },
  "Periscope": {
    "errorType": "status_code",
    "rank": 25301,
    "url": "https://www.periscope.tv/{}/",
    "urlMain": "https://www.periscope.tv/",
    "username_claimed": "blue",
    "username_unclaimed": "noonewouldeverusethis7"
  },
  "Photobucket": {
    "errorType": "status_code",
    "rank": 3200,
    "url": "https://photobucket.com/user/{}/library",
    "urlMain": "https://photobucket.com/",
    "username_claimed": "blue",
    "username_unclaimed": "noonewouldeverusethis7"
  },
  "Pinkbike": {
    "errorType": "status_code",
    "rank": 9634,
    "url": "https://www.pinkbike.com/u/{}/",
    "urlMain": "https://www.pinkbike.com/",
    "username_claimed": "blue",
    "username_unclaimed": "noonewouldeverusethis7"
  },
  "Pinterest": {
    "errorType": "status_code",
    "rank": 170,
    "url": "https://www.pinterest.com/{}/",
    "urlMain": "https://www.pinterest.com/",
    "username_claimed": "blue",
    "username_unclaimed": "noonewouldeverusethis7"
  },
  "PlayStore": {
    "errorType": "status_code",
    "rank": 1,
    "url": "https://play.google.com/store/apps/developer?id={}",
    "urlMain": "https://play.google.com/store",
    "username_claimed": "Facebook",
    "username_unclaimed": "noonewouldeverusethis7"
  },
  "Pling": {
    "errorType": "response_url",
    "errorUrl": "https://www.pling.com/",
    "rank": 101137,
    "url": "https://www.pling.com/u/{}/",
    "urlMain": "https://www.pling.com/",
    "username_claimed": "blue",
    "username_unclaimed": "noonewouldeverusethis"
  },
  "Plug.DJ": {
    "errorType": "status_code",
    "rank": 51660,
    "url": "https://plug.dj/@/{}",
    "urlMain": "https://plug.dj/",
    "username_claimed": "plug-dj-rock",
    "username_unclaimed": "noonewouldeverusethis7"
  },
  "Pokemon Showdown": {
    "errorType": "status_code",
    "rank": 4169,
    "url": "https://pokemonshowdown.com/users/{}",
    "urlMain": "https://pokemonshowdown.com",
    "username_claimed": "blue",
    "username_unclaimed": "noonewouldeverusethis7"
  },
  "PokerStrategy": {
    "errorType": "status_code",
    "rank": 6883813,
    "url": "http://www.pokerstrategy.net/user/{}/profile/",
    "urlMain": "http://www.pokerstrategy.net",
    "username_claimed": "blue",
    "username_unclaimed": "noonewouldeverusethis7"
  },
  "Polygon": {
    "errorType": "status_code",
    "rank": 1179,
    "url": "https://www.polygon.com/users/{}",
    "urlMain": "https://www.polygon.com/",
    "username_claimed": "swiftstickler",
    "username_unclaimed": "noonewouldeverusethis7"
  },
  "ProductHunt": {
    "errorMsg": "Product Hunt is a curation of the best new products",
    "errorType": "message",
    "rank": 10838,
    "url": "https://www.producthunt.com/@{}",
    "urlMain": "https://www.producthunt.com/",
    "username_claimed": "jenny",
    "username_unclaimed": "noonewouldeverusethis7"
  },
  "PromoDJ": {
    "errorType": "status_code",
    "rank": 31214,
    "url": "http://promodj.com/{}",
    "urlMain": "http://promodj.com/",
    "username_claimed": "blue",
    "username_unclaimed": "noonewouldeverusethis"
  },
  "Quora": {
    "errorType": "response_url",
    "errorUrl": "https://www.quora.com/profile/{}",
    "rank": 222,
    "url": "https://www.quora.com/profile/{}",
    "urlMain": "https://www.quora.com/",
    "username_claimed": "Matt-Riggsby",
    "username_unclaimed": "noonewouldeverusethis7"
  },
  "Raidforums": {
    "errorMsg": "The member you specified is either invalid or doesn't exist.",
    "errorType": "message",
    "rank": 28869,
    "url": "https://raidforums.com/User-{}",
    "urlMain": "https://raidforums.com/",
    "username_claimed": "red",
    "username_unclaimed": "noonewouldeverusethis7"
  },
  "Rajce.net": {
    "errorType": "status_code",
    "rank": 1703,
    "url": "https://{}.rajce.idnes.cz/",
    "urlMain": "https://www.rajce.idnes.cz/",
    "username_claimed": "blue",
    "username_unclaimed": "noonewouldeverusethis7"
  },
  "Rate Your Music": {
    "errorType": "status_code",
    "rank": 5120,
    "url": "https://rateyourmusic.com/~{}",
    "urlMain": "https://rateyourmusic.com/",
    "username_claimed": "blue",
    "username_unclaimed": "noonewouldeverusethis7"
  },
  "Realmeye": {
    "errorMsg": "Sorry, but we either:",
    "errorType": "message",
    "rank": 66567,
    "url": "https://www.realmeye.com/player/{}",
    "urlMain": "https://www.realmeye.com/",
    "username_claimed": "blue",
    "username_unclaimed": "noonewouldeverusethis7"
  },
  "Redbubble": {
    "errorType": "status_code",
    "rank": 1307,
    "url": "https://www.redbubble.com/people/{}",
    "urlMain": "https://www.redbubble.com/",
    "username_claimed": "blue",
    "username_unclaimed": "noonewouldeverusethis77777"
  },
  "Reddit": {
    "errorType": "status_code",
    "rank": 19,
    "url": "https://www.reddit.com/user/{}",
    "urlMain": "https://www.reddit.com/",
    "username_claimed": "blue",
    "username_unclaimed": "noonewouldeverusethis7"
  },
  "Redsun.tf": {
    "errorMsg": "The specified member cannot be found",
    "errorType": "message",
    "rank": 0,
    "url": "https://forum.redsun.tf/members/?username={}",
    "urlMain": "https://redsun.tf/",
    "username_claimed": "dan",
    "username_unclaimed": "noonewouldeverusethis"
  },
  "Repl.it": {
    "errorMsg": "404",
    "errorType": "message",
    "rank": 4798,
    "url": "https://repl.it/@{}",
    "urlMain": "https://repl.it/",
    "username_claimed": "blue",
    "username_unclaimed": "noonewouldeverusethis7"
  },
  "ResearchGate": {
    "errorType": "response_url",
    "errorUrl": "https://www.researchgate.net/directory/profiles",
    "rank": 144,
    "regexCheck": "\\w+_\\w+",
    "url": "https://www.researchgate.net/profile/{}",
    "urlMain": "https://www.researchgate.net/",
    "username_claimed": "John_Smith",
    "username_unclaimed": "noonewould_everusethis7"
  },
  "ReverbNation": {
    "errorMsg": "Sorry, we couldn't find that page",
    "errorType": "message",
    "rank": 8202,
    "url": "https://www.reverbnation.com/{}",
    "urlMain": "https://www.reverbnation.com/",
    "username_claimed": "blue",
    "username_unclaimed": "noonewouldeverusethis7"
  },
  "Roblox": {
    "errorMsg": "Page cannot be found or no longer exists",
    "errorType": "message",
    "rank": 120,
    "url": "https://www.roblox.com/user.aspx?username={}",
    "urlMain": "https://www.roblox.com/",
    "username_claimed": "bluewolfekiller",
    "username_unclaimed": "noonewouldeverusethis7"
  },
  "RubyGems": {
    "errorType": "status_code",
    "rank": 44094,
    "url": "https://rubygems.org/profiles/{}",
    "urlMain": "https://rubygems.org/",
    "username_claimed": "blue",
    "username_unclaimed": "noonewouldeverusethis7"
  },
  "Sbazar.cz": {
    "errorType": "status_code",
    "rank": 15615,
    "url": "https://www.sbazar.cz/{}",
    "urlMain": "https://www.sbazar.cz/",
    "username_claimed": "blue",
    "username_unclaimed": "noonewouldeverusethis"
  },
  "Scratch": {
    "errorType": "status_code",
    "rank": 540,
    "url": "https://scratch.mit.edu/users/{}",
    "urlMain": "https://scratch.mit.edu/",
    "username_claimed": "griffpatch",
    "username_unclaimed": "noonewould"
  },
  "Scribd": {
    "errorMsg": "Page not found",
    "errorType": "message",
    "rank": 189,
    "url": "https://www.scribd.com/{}",
    "urlMain": "https://www.scribd.com/",
    "username_claimed": "blue",
    "username_unclaimed": "noonewouldeverusethis7"
  },
  "ShitpostBot5000": {
    "errorType": "status_code",
    "rank": 412642,
    "url": "https://www.shitpostbot.com/user/{}",
    "urlMain": "https://www.shitpostbot.com/",
    "username_claimed": "blue",
    "username_unclaimed": "noonewouldeverusethis"
  },
  "Signal": {
    "errorMsg": "Oops! That page doesn\u2019t exist or is private.",
    "errorType": "message",
    "rank": 1938906,
    "url": "https://community.signalusers.org/u/{}",
    "urlMain": "https://community.signalusers.org",
    "username_claimed": "jlund",
    "username_unclaimed": "noonewouldeverusethis7"
  },
  "Slack": {
    "errorType": "status_code",
    "rank": 490,
    "regexCheck": "^[a-zA-Z][a-zA-Z0-9_-]*$",
    "url": "https://{}.slack.com",
    "urlMain": "https://slack.com",
    "username_claimed": "blue",
    "username_unclaimed": "noonewouldeverusethis7"
  },
  "SlideShare": {
    "errorType": "status_code",
    "rank": 127,
    "url": "https://slideshare.net/{}",
    "urlMain": "https://slideshare.net/",
    "username_claimed": "blue",
    "username_unclaimed": "noonewouldeverusethis7"
  },
  "Smashcast": {
    "errorType": "status_code",
    "rank": 158255,
    "url": "https://www.smashcast.tv/api/media/live/{}",
    "urlMain": "https://www.smashcast.tv/",
    "username_claimed": "hello",
    "username_unclaimed": "noonewouldeverusethis7"
  },
  "Smule": {
    "errorType": "status_code",
    "rank": 8525,
    "url": "https://www.smule.com/{}",
    "urlMain": "https://www.smule.com/",
    "username_claimed": "blue",
    "username_unclaimed": "noonewouldeverusethis7"
  },
  "SoundCloud": {
    "errorType": "status_code",
    "rank": 91,
    "url": "https://soundcloud.com/{}",
    "urlMain": "https://soundcloud.com/",
    "username_claimed": "blue",
    "username_unclaimed": "noonewouldeverusethis7"
  },
  "SourceForge": {
    "errorType": "status_code",
    "rank": 412,
    "url": "https://sourceforge.net/u/{}",
    "urlMain": "https://sourceforge.net/",
    "username_claimed": "blue",
    "username_unclaimed": "noonewouldeverusethis7"
  },
  "Speedrun.com": {
    "errorMsg": "not found.",
    "errorType": "message",
    "rank": 9859,
    "url": "https://speedrun.com/user/{}",
    "urlMain": "https://speedrun.com/",
    "username_claimed": "3Tau",
    "username_unclaimed": "noonewould"
  },
  "Splits.io": {
    "errorType": "status_code",
    "rank": 1032877,
    "url": "https://splits.io/users/{}",
    "urlMain": "https://splits.io",
    "username_claimed": "cambosteve",
    "username_unclaimed": "noonewould"
  },
  "Sporcle": {
    "errorType": "status_code",
    "rank": 3530,
    "url": "https://www.sporcle.com/user/{}/people",
    "urlMain": "https://www.sporcle.com/",
    "username_claimed": "blue",
    "username_unclaimed": "noonewouldeverusethis7"
  },
  "SportsRU": {
    "errorType": "status_code",
    "rank": 1985,
    "url": "https://www.sports.ru/profile/{}/",
    "urlMain": "https://www.sports.ru/",
    "username_claimed": "blue",
    "username_unclaimed": "noonewouldeverusethis7"
  },
  "Spotify": {
    "errorType": "status_code",
    "rank": 73,
    "url": "https://open.spotify.com/user/{}",
    "urlMain": "https://open.spotify.com/",
    "username_claimed": "blue",
    "username_unclaimed": "noonewouldeverusethis7"
  },
  "Star Citizen": {
    "errorType": "status_code",
    "rank": 6062,
    "url": "https://robertsspaceindustries.com/citizens/{}",
    "urlMain": "https://robertsspaceindustries.com/",
    "username_claimed": "blue",
    "username_unclaimed": "noonewouldeverusethis7"
  },
  "Steam": {
    "errorMsg": "The specified profile could not be found",
    "errorType": "message",
    "rank": 169,
    "url": "https://steamcommunity.com/id/{}",
    "urlMain": "https://steamcommunity.com/",
    "username_claimed": "blue",
    "username_unclaimed": "noonewouldeverusethis7"
  },
  "SteamGroup": {
    "errorMsg": "No group could be retrieved for the given URL",
    "errorType": "message",
    "rank": 169,
    "url": "https://steamcommunity.com/groups/{}",
    "urlMain": "https://steamcommunity.com/",
    "username_claimed": "blue",
    "username_unclaimed": "noonewouldeverusethis7"
  },
  "Steamid": {
    "errorMsg": "<div class=\"alert alert-warning\">Profile not found</div>",
    "errorType": "message",
    "rank": 133492,
    "url": "https://steamid.uk/profile/{}",
    "urlMain": "https://steamid.uk/",
    "username_claimed": "blue",
    "username_unclaimed": "noonewouldeverusethis7"
    },
  "SublimeForum": {
    "errorType": "status_code",
    "rank": 7588,
    "url": "https://forum.sublimetext.com/u/{}",
    "urlMain": "https://forum.sublimetext.com/",
    "username_claimed": "blue",
    "username_unclaimed": "noonewouldeverusethis"
  },
  "T-MobileSupport": {
    "errorType": "status_code",
    "rank": 1312,
    "url": "https://support.t-mobile.com/people/{}",
    "urlMain": "https://support.t-mobile.com",
    "username_claimed": "blue",
    "username_unclaimed": "noonewouldeverusethis7"
  },
  "TamTam": {
    "errorType": "response_url",
    "errorUrl": "https://tamtam.chat/",
    "rank": 92134,
    "url": "https://tamtam.chat/{}",
    "urlMain": "https://tamtam.chat/",
    "username_claimed": "blue",
    "username_unclaimed": "noonewouldeverusethis7"
  },
  "Taringa": {
    "errorType": "status_code",
    "rank": 1020,
    "url": "https://www.taringa.net/{}",
    "urlMain": "https://taringa.net/",
    "username_claimed": "blue",
    "username_unclaimed": "noonewouldeverusethis7"
  },
  "Tellonym.me": {
    "errorType": "status_code",
    "rank": 31869,
    "url": "https://tellonym.me/{}",
    "urlMain": "https://tellonym.me/",
    "username_claimed": "blue",
    "username_unclaimed": "noonewouldeverusethis7"
  },
  "TikTok": {
    "errorMsg": "Couldn&#x27;t find this account",
    "errorType": "message",
    "rank": 506,
    "url": "https://www.tiktok.com/@{}",
    "urlMain": "https://www.tiktok.com/",
    "username_claimed": "red",
    "username_unclaimed": "noonewouldeverusethis7"
  },
  "Tinder": {
    "errorMsg": "Looking for Someone?",
    "errorType": "message",
    "rank": 1164,
    "url": "https://www.gotinder.com/@{}",
    "urlMain": "https://tinder.com/",
    "username_claimed": "blue",
    "username_unclaimed": "noonewouldeverusethis7"
  },
  "TrackmaniaLadder": {
    "errorMsg": "player unknown or invalid",
    "errorType": "message",
    "rank": 551717,
    "url": "http://en.tm-ladder.com/{}_rech.php",
    "urlMain": "http://en.tm-ladder.com/index.php",
    "username_claimed": "blue",
    "username_unclaimed": "noonewouldeverusethis"
  },
  "tracr.co": {
    "errorMsg": "No search results",
    "errorType": "message",
    "regexCheck": "^[A-Za-z0-9]{2,32}$",
    "rank": 343837,
    "url": "https://tracr.co/users/1/{}",
    "urlMain": "https://tracr.co/",
    "username_claimed": "blue",
    "username_unclaimed": "noonewouldeverusethis7"
  },
  "TradingView": {
    "errorType": "status_code",
    "rank": 290,
    "url": "https://www.tradingview.com/u/{}/",
    "urlMain": "https://www.tradingview.com/",
    "username_claimed": "blue",
    "username_unclaimed": "noonewouldeverusethis7"
  },
  "Trakt": {
    "errorType": "status_code",
    "rank": 5948,
    "url": "https://www.trakt.tv/users/{}",
    "urlMain": "https://www.trakt.tv/",
    "username_claimed": "blue",
    "username_unclaimed": "noonewouldeverusethis7"
  },
  "TrashboxRU": {
    "errorMsg": "\u041f\u043e\u043b\u044c\u0437\u043e\u0432\u0430\u0442\u0435\u043b\u044c \u043d\u0435 \u043d\u0430\u0439\u0434\u0435\u043d",
    "errorType": "message",
    "rank": 17999,
    "regexCheck": "^[A-Za-z0-9_-]{3,16}$",
    "url": "https://trashbox.ru/users/{}",
    "urlMain": "https://trashbox.ru/",
    "username_claimed": "blue",
    "username_unclaimed": "never-never-ever"
  },
  "Trello": {
    "errorMsg": "model not found",
    "errorType": "message",
    "rank": 195,
    "url": "https://trello.com/{}",
    "urlMain": "https://trello.com/",
    "urlProbe": "https://trello.com/1/Members/{}",
    "username_claimed": "blue",
    "username_unclaimed": "noonewouldeverusethis7"
  },
  "TripAdvisor": {
    "errorMsg": "This page is on vacation\u2026",
    "errorType": "message",
    "rank": 275,
    "url": "https://tripadvisor.com/members/{}",
    "urlMain": "https://tripadvisor.com/",
    "username_claimed": "blue",
    "username_unclaimed": "noonewouldeverusethis7"
  },
  "Twitch": {
    "errorType": "status_code",
    "rank": 31,
    "url": "https://www.twitch.tv/{}",
    "urlMain": "https://www.twitch.tv/",
    "urlProbe": "https://m.twitch.tv/{}",
    "username_claimed": "jenny",
    "username_unclaimed": "noonewouldeverusethis7"
  },
  "Twitter": {
    "errorType": "status_code",
    "headers": {
      "User-Agent": ""
    },
    "rank": 42,
    "url": "https://www.twitter.com/{}",
    "urlMain": "https://www.twitter.com/",
    "username_claimed": "blue",
    "username_unclaimed": "noonewouldeverusethis7"
  },
  "Typeracer": {
    "errorMsg": "Profile Not Found",
    "errorType": "message",
    "rank": 8701,
    "url": "https://data.typeracer.com/pit/profile?user={}",
    "urlMain": "https://typeracer.com",
    "username_claimed": "blue",
    "username_unclaimed": "noonewouldeverusethis7"
  },
  "Ultimate-Guitar": {
    "errorType": "status_code",
    "rank": 639,
    "url": "https://ultimate-guitar.com/u/{}",
    "urlMain": "https://ultimate-guitar.com/",
    "username_claimed": "blue",
    "username_unclaimed": "noonewouldeverusethis7"
  },
  "Unsplash": {
    "errorType": "status_code",
    "rank": 453,
    "url": "https://unsplash.com/@{}",
    "urlMain": "https://unsplash.com/",
    "username_claimed": "jenny",
    "username_unclaimed": "noonewouldeverusethis7"
  },
  "VK": {
    "errorType": "response_url",
    "errorUrl": "https://www.quora.com/profile/{}",
    "rank": 22,
    "url": "https://vk.com/{}",
    "urlMain": "https://vk.com/",
    "username_claimed": "smith",
    "username_unclaimed": "noonewouldeverusethis7"
  },
  "VSCO": {
    "errorType": "status_code",
    "rank": 4261,
    "url": "https://vsco.co/{}",
    "urlMain": "https://vsco.co/",
    "username_claimed": "blue",
    "username_unclaimed": "noonewouldeverusethis7"
  },
  "Velomania": {
    "errorMsg": "\u041f\u043e\u043b\u044c\u0437\u043e\u0432\u0430\u0442\u0435\u043b\u044c \u043d\u0435 \u0437\u0430\u0440\u0435\u0433\u0438\u0441\u0442\u0440\u0438\u0440\u043e\u0432\u0430\u043d \u0438 \u043d\u0435 \u0438\u043c\u0435\u0435\u0442 \u043f\u0440\u043e\u0444\u0438\u043b\u044f \u0434\u043b\u044f \u043f\u0440\u043e\u0441\u043c\u043e\u0442\u0440\u0430.",
    "errorType": "message",
    "rank": 177565,
    "url": "https://forum.velomania.ru/member.php?username={}",
    "urlMain": "https://forum.velomania.ru/",
    "username_claimed": "red",
    "username_unclaimed": "noonewouldeverusethis7"
  },
  "Venmo": {
    "errorType": "status_code",
    "rank": 6323,
    "url": "https://venmo.com/{}",
    "urlMain": "https://venmo.com/",
    "username_claimed": "jenny",
    "username_unclaimed": "noonewouldeverusethis7"
  },
  "Viadeo": {
    "errorType": "status_code",
    "rank": 11364,
    "url": "http://fr.viadeo.com/en/profile/{}",
    "urlMain": "http://fr.viadeo.com/en/",
    "username_claimed": "franck.patissier",
    "username_unclaimed": "noonewouldeverusethis"
  },
  "Vimeo": {
    "errorType": "status_code",
    "rank": 194,
    "url": "https://vimeo.com/{}",
    "urlMain": "https://vimeo.com/",
    "username_claimed": "blue",
    "username_unclaimed": "noonewouldeverusethis7"
  },
  "Virgool": {
    "errorMsg": "\u06f4\u06f0\u06f4",
    "errorType": "message",
    "rank": 2645,
    "url": "https://virgool.io/@{}",
    "urlMain": "https://virgool.io/",
    "username_claimed": "blue",
    "username_unclaimed": "noonewouldeverusethis7"
  },
  "VirusTotal": {
    "errorMsg": "not found",
    "errorType": "message",
    "rank": 4763,
    "url": "https://www.virustotal.com/ui/users/{}/trusted_users",
    "urlMain": "https://www.virustotal.com/",
    "username_claimed": "blue",
    "username_unclaimed": "noonewouldeverusethis7"
  },
  "Wattpad": {
    "errorMsg": "userError-404",
    "errorType": "message",
    "rank": 576,
    "url": "https://www.wattpad.com/user/{}",
    "urlMain": "https://www.wattpad.com/",
    "username_claimed": "Dogstho7951",
    "username_unclaimed": "noonewouldeverusethis7"
  },
  "We Heart It": {
    "errorMsg": "Oops! You've landed on a moving target!",
    "errorType": "message",
    "rank": 2770,
    "url": "https://weheartit.com/{}",
    "urlMain": "https://weheartit.com/",
    "username_claimed": "ventivogue",
    "username_unclaimed": "noonewouldeverusethis7"
  },
  "WebNode": {
    "errorType": "status_code",
    "rank": 15920,
    "url": "https://{}.webnode.cz/",
    "urlMain": "https://www.webnode.cz/",
    "username_claimed": "radkabalcarova",
    "username_unclaimed": "noonewouldeverusethis7"
  },
  "Whonix Forum": {
    "errorType": "status_code",
    "rank": 395095,
    "url": "https://forums.whonix.org/u/{}",
    "urlMain": "https://forums.whonix.org/",
    "username_claimed": "red",
    "username_unclaimed": "noonewouldeverusethis7"
  },
  "Wikidot": {
    "errorMsg": "User does not exist.",
    "errorType": "message",
    "rank": 3461,
    "url": "http://www.wikidot.com/user:info/{}",
    "urlMain": "http://www.wikidot.com/",
    "username_claimed": "blue",
    "username_unclaimed": "noonewouldeverusethis7"
  },
  "Wikipedia": {
    "errorMsg": "is not registered.",
    "errorType": "message",
    "rank": 10,
    "url": "https://www.wikipedia.org/wiki/User:{}",
    "urlMain": "https://www.wikipedia.org/",
    "username_claimed": "Hoadlck",
    "username_unclaimed": "noonewouldeverusethis7"
  },
  "Wix": {
    "errorType": "status_code",
    "rank": 240,
    "url": "https://{}.wix.com",
    "urlMain": "https://wix.com/",
    "username_claimed": "support",
    "username_unclaimed": "noonewouldeverusethis7"
  },
  "WordPress": {
    "errorType": "response_url",
    "errorUrl": "wordpress.com/typo/?subdomain=",
    "rank": 53,
    "regexCheck": "^[a-zA-Z][a-zA-Z0-9_-]*$",
    "url": "https://{}.wordpress.com/",
    "urlMain": "https://wordpress.com",
    "username_claimed": "blue",
    "username_unclaimed": "noonewouldeverusethis7"
  },
  "WordPressOrg": {
    "errorType": "response_url",
    "errorUrl": "https://wordpress.org",
    "rank": 744,
    "url": "https://profiles.wordpress.org/{}/",
    "urlMain": "https://wordpress.org/",
    "username_claimed": "blue",
    "username_unclaimed": "noonewouldeverusethis7"
  },
  "YandexCollection": {
    "errorType": "status_code",
    "rank": 42,
    "url": "https://yandex.ru/collections/user/{}/",
    "urlMain": "https://yandex.ru/collections/",
    "username_claimed": "blue",
    "username_unclaimed": "noonewouldeverusethis7"
  },
  "YouNow": {
    "errorMsg": "No users found",
    "errorType": "message",
    "rank": 14775,
    "url": "https://www.younow.com/{}/",
    "urlMain": "https://www.younow.com/",
    "urlProbe": "https://api.younow.com/php/api/broadcast/info/user={}/",
    "username_claimed": "blue",
    "username_unclaimed": "noonewouldeverusethis7"
  },
  "YouPic": {
    "errorType": "status_code",
    "rank": 34770,
    "url": "https://youpic.com/photographer/{}/",
    "urlMain": "https://youpic.com/",
    "username_claimed": "blue",
    "username_unclaimed": "noonewouldeverusethis7"
  },
  "YouTube": {
    "errorMsg": "Not Found",
    "errorType": "message",
    "rank": 2,
    "url": "https://www.youtube.com/{}",
    "urlMain": "https://www.youtube.com/",
    "username_claimed": "blue",
    "username_unclaimed": "noonewouldeverusethis7"
  },
  "Zhihu": {
    "errorType": "response_url",
    "errorUrl": "https://www.zhihu.com/people/{}",
    "rank": 152,
    "url": "https://www.zhihu.com/people/{}",
    "urlMain": "https://www.zhihu.com/",
    "username_claimed": "blue",
    "username_unclaimed": "noonewouldeverusethis7"
  },
  "Zomato": {
    "errorType": "status_code",
    "headers": {
      "Accept-Language": "en-US,en;q=0.9"
    },
    "rank": 803,
    "url": "https://www.zomato.com/pl/{}/foodjourney",
    "urlMain": "https://www.zomato.com/",
    "username_claimed": "deepigoyal",
    "username_unclaimed": "noonewouldeverusethis7"
  },
  "akniga": {
    "errorType": "status_code",
    "rank": 17919,
    "url": "https://akniga.org/profile/{}",
    "urlMain": "https://akniga.org/profile/blue/",
    "username_claimed": "blue",
    "username_unclaimed": "noonewouldeverusethis"
  },
  "allmylinks": {
    "errorMsg": "Page not found",
    "errorType": "message",
    "rank": 55358,
    "url": "https://allmylinks.com/{}",
    "urlMain": "https://allmylinks.com/",
    "username_claimed": "blue",
    "username_unclaimed": "noonewouldeverusethis7"
  },
  "authorSTREAM": {
    "errorType": "status_code",
    "rank": 7971,
    "url": "http://www.authorstream.com/{}/",
    "urlMain": "http://www.authorstream.com/",
    "username_claimed": "blue",
    "username_unclaimed": "noonewouldeverusethis7"
  },
  "babyRU": {
    "errorMsg": "\u0423\u043f\u0441, \u0441\u0442\u0440\u0430\u043d\u0438\u0446\u0430, \u043a\u043e\u0442\u043e\u0440\u0443\u044e \u0432\u044b \u0438\u0441\u043a\u0430\u043b\u0438, \u043d\u0435 \u0441\u0443\u0449\u0435\u0441\u0442\u0432\u0443\u0435\u0442",
    "errorType": "message",
    "rank": 6684,
    "url": "https://www.baby.ru/u/{}/",
    "urlMain": "https://www.baby.ru/",
    "username_claimed": "blue",
    "username_unclaimed": "noonewouldeverusethis"
  },
  "babyblogRU": {
    "errorType": "status_code",
    "rank": 10027,
    "url": "https://www.babyblog.ru/user/info/{}",
    "urlMain": "https://www.babyblog.ru/",
    "username_claimed": "blue",
    "username_unclaimed": "noonewouldeverusethis"
  },
  "chaos.social": {
    "errorType": "status_code",
    "rank": 2748421,
    "url": "https://chaos.social/@{}",
    "urlMain": "https://chaos.social/",
    "username_claimed": "rixx",
    "username_unclaimed": "noonewouldeverusethis7"
  },
  "couchsurfing": {
    "errorType": "status_code",
    "rank": 5129,
    "url": "https://www.couchsurfing.com/people/{}",
    "urlMain": "https://www.couchsurfing.com/",
    "username_claimed": "blue",
    "username_unclaimed": "noonewouldeverusethis7"
  },
  "d3RU": {
    "errorType": "status_code",
    "rank": 32756,
    "url": "https://d3.ru/user/{}/posts",
    "urlMain": "https://d3.ru/",
    "username_claimed": "blue",
    "username_unclaimed": "noonewouldeverusethis7"
  },
  "dailykos": {
    "errorType": "status_code",
    "rank": 5912,
    "url": "https://www.dailykos.com/user/{}",
    "urlMain": "https://www.dailykos.com",
    "username_claimed": "blue",
    "username_unclaimed": "noonewouldeverusethis7"
  },
  "datingRU": {
    "errorType": "status_code",
    "rank": 43602,
    "url": "http://dating.ru/{}",
    "urlMain": "http://dating.ru",
    "username_claimed": "blue",
    "username_unclaimed": "noonewouldeverusethis7"
  },
  "devRant": {
    "errorType": "response_url",
    "errorUrl": "https://devrant.com/",
    "rank": 108034,
    "url": "https://devrant.com/users/{}",
    "urlMain": "https://devrant.com/",
    "username_claimed": "blue",
    "username_unclaimed": "noonewouldeverusethis7"
  },
  "drive2": {
    "errorType": "status_code",
    "rank": 1354,
    "url": "https://www.drive2.ru/users/{}",
    "urlMain": "https://www.drive2.ru/",
    "username_claimed": "blue",
    "username_unclaimed": "noonewouldeverusethis7"
  },
  "eGPU": {
    "errorType": "status_code",
    "rank": 133538,
    "url": "https://egpu.io/forums/profile/{}/",
    "urlMain": "https://egpu.io/",
    "username_claimed": "blue",
    "username_unclaimed": "noonewouldeverusethis"
  },
  "easyen": {
    "errorMsg": "\u041f\u043e\u043b\u044c\u0437\u043e\u0432\u0430\u0442\u0435\u043b\u044c \u043d\u0435 \u043d\u0430\u0439\u0434\u0435\u043d",
    "errorType": "message",
    "rank": 9637,
    "url": "https://easyen.ru/index/8-0-{}",
    "urlMain": "https://easyen.ru/",
    "username_claimed": "wd",
    "username_unclaimed": "noonewouldeverusethis7"
  },
  "eintracht": {
    "errorType": "status_code",
    "rank": 136611,
    "url": "https://community.eintracht.de/fans/{}",
    "urlMain": "https://eintracht.de",
    "username_claimed": "blue",
    "username_unclaimed": "noonewouldeverusethis7"
  },
  "fixya": {
    "errorType": "status_code",
    "rank": 4003,
    "url": "https://www.fixya.com/users/{}",
    "urlMain": "https://www.fixya.com",
    "username_claimed": "adam",
    "username_unclaimed": "noonewouldeverusethis7"
  },
  "fl": {
    "errorType": "status_code",
    "rank": 54021,
    "url": "https://www.fl.ru/users/{}",
    "urlMain": "https://www.fl.ru/",
    "username_claimed": "blue",
    "username_unclaimed": "noonewouldeverusethis7"
  },
  "forum_guns": {
    "errorMsg": "action=https://forum.guns.ru/forummisc/blog/search",
    "errorType": "message",
    "rank": 15012,
    "url": "https://forum.guns.ru/forummisc/blog/{}",
    "urlMain": "https://forum.guns.ru/",
    "username_claimed": "red",
    "username_unclaimed": "noonewouldeverusethis7"
  },
  "forumhouseRU": {
    "errorMsg": "\u0423\u043a\u0430\u0437\u0430\u043d\u043d\u044b\u0439 \u043f\u043e\u043b\u044c\u0437\u043e\u0432\u0430\u0442\u0435\u043b\u044c \u043d\u0435 \u043d\u0430\u0439\u0434\u0435\u043d. \u041f\u043e\u0436\u0430\u043b\u0443\u0439\u0441\u0442\u0430, \u0432\u0432\u0435\u0434\u0438\u0442\u0435 \u0434\u0440\u0443\u0433\u043e\u0435 \u0438\u043c\u044f.",
    "errorType": "message",
    "rank": 16607,
    "url": "https://www.forumhouse.ru/members/?username={}",
    "urlMain": "https://www.forumhouse.ru/",
    "username_claimed": "red",
    "username_unclaimed": "noonewouldeverusethis7"
  },
  "geocaching": {
    "errorType": "status_code",
    "rank": 9995,
    "url": "https://www.geocaching.com/profile/?u={}",
    "urlMain": "https://www.geocaching.com/",
    "username_claimed": "blue",
    "username_unclaimed": "noonewouldeverusethis7"
  },
  "gfycat": {
    "errorType": "status_code",
    "rank": 178,
    "url": "https://gfycat.com/@{}",
    "urlMain": "https://gfycat.com/",
    "username_claimed": "Test",
    "username_unclaimed": "noonewouldeverusethis7"
  },
  "gpodder.net": {
    "errorType": "status_code",
    "rank": 1185309,
    "url": "https://gpodder.net/user/{}",
    "urlMain": "https://gpodder.net/",
    "username_claimed": "blue",
    "username_unclaimed": "noonewouldeverusethis7"
  },
  "habr": {
    "errorType": "status_code",
    "rank": 1473,
    "url": "https://habr.com/ru/users/{}",
    "urlMain": "https://habr.com/",
    "username_claimed": "blue",
    "username_unclaimed": "noonewouldeverusethis7"
  },
  "hackster": {
    "errorType": "status_code",
    "rank": 14323,
    "url": "https://www.hackster.io/{}",
    "urlMain": "https://www.hackster.io",
    "username_claimed": "blue",
    "username_unclaimed": "noonewouldeverusethis7"
  },
  "hunting": {
    "errorMsg": "\u0423\u043a\u0430\u0437\u0430\u043d\u043d\u044b\u0439 \u043f\u043e\u043b\u044c\u0437\u043e\u0432\u0430\u0442\u0435\u043b\u044c \u043d\u0435 \u043d\u0430\u0439\u0434\u0435\u043d. \u041f\u043e\u0436\u0430\u043b\u0443\u0439\u0441\u0442\u0430, \u0432\u0432\u0435\u0434\u0438\u0442\u0435 \u0434\u0440\u0443\u0433\u043e\u0435 \u0438\u043c\u044f.",
    "errorType": "message",
    "rank": 96533,
    "url": "https://www.hunting.ru/forum/members/?username={}",
    "urlMain": "https://www.hunting.ru/forum/",
    "username_claimed": "red",
    "username_unclaimed": "noonewouldeverusethis7"
  },
  "iMGSRC.RU": {
    "errorType": "response_url",
    "errorUrl": "https://imgsrc.ru/",
    "rank": 13779,
    "url": "https://imgsrc.ru/main/user.php?user={}",
    "urlMain": "https://imgsrc.ru/",
    "username_claimed": "blue",
    "username_unclaimed": "noonewouldeverusethis7"
  },
  "igromania": {
    "errorMsg": "\u041f\u043e\u043b\u044c\u0437\u043e\u0432\u0430\u0442\u0435\u043b\u044c \u043d\u0435 \u0437\u0430\u0440\u0435\u0433\u0438\u0441\u0442\u0440\u0438\u0440\u043e\u0432\u0430\u043d \u0438 \u043d\u0435 \u0438\u043c\u0435\u0435\u0442 \u043f\u0440\u043e\u0444\u0438\u043b\u044f \u0434\u043b\u044f \u043f\u0440\u043e\u0441\u043c\u043e\u0442\u0440\u0430.",
    "errorType": "message",
    "rank": 13388,
    "url": "http://forum.igromania.ru/member.php?username={}",
    "urlMain": "http://forum.igromania.ru/",
    "username_claimed": "blue",
    "username_unclaimed": "noonewouldeverusethis7"
  },
  "interpals": {
    "errorMsg": "The requested user does not exist or is inactive",
    "errorType": "message",
    "rank": 6260,
    "url": "https://www.interpals.net/{}",
    "urlMain": "https://www.interpals.net/",
    "username_claimed": "blue",
    "username_unclaimed": "noneownsthisusername"
  },
  "irecommend": {
    "errorType": "status_code",
    "rank": 1842,
    "url": "https://irecommend.ru/users/{}",
    "urlMain": "https://irecommend.ru/",
    "username_claimed": "blue",
    "username_unclaimed": "noonewouldeverusethis7"
  },
  "jeuxvideo": {
    "errorMsg": "Vous \u00eates",
    "errorType": "message",
    "rank": 1480,
    "url": "http://www.jeuxvideo.com/profil/{}?mode=infos",
    "urlMain": "http://www.jeuxvideo.com",
    "username_claimed": "adam",
    "username_unclaimed": "noonewouldeverusethis7"
  },
  "kwork": {
    "errorType": "status_code",
    "rank": 8763,
    "url": "https://kwork.ru/user/{}",
    "urlMain": "https://www.kwork.ru/",
    "username_claimed": "blue",
    "username_unclaimed": "noonewouldeverusethis7"
  },
  "labpentestit": {
    "errorType": "response_url",
    "errorUrl": "https://lab.pentestit.ru/{}",
    "rank": 810592,
    "url": "https://lab.pentestit.ru/profile/{}",
    "urlMain": "https://lab.pentestit.ru/",
    "username_claimed": "CSV",
    "username_unclaimed": "noonewouldeverusethis7"
  },
  "last.fm": {
    "errorType": "status_code",
    "rank": 1545,
    "url": "https://last.fm/user/{}",
    "urlMain": "https://last.fm/",
    "username_claimed": "blue",
    "username_unclaimed": "noonewouldeverusethis7"
  },
  "leasehackr": {
    "errorType": "status_code",
    "rank": 51820,
    "url": "https://forum.leasehackr.com/u/{}/summary/",
    "urlMain": "https://forum.leasehackr.com/",
    "username_claimed": "adam",
    "username_unclaimed": "noonewouldeverusethis"
  },
  "livelib": {
    "errorType": "status_code",
    "rank": 3806,
    "url": "https://www.livelib.ru/reader/{}",
    "urlMain": "https://www.livelib.ru/",
    "username_claimed": "blue",
    "username_unclaimed": "noonewouldeverusethis7"
  },
  "mastodon.cloud": {
    "errorType": "status_code",
    "rank": 62807,
    "url": "https://mastodon.cloud/@{}",
    "urlMain": "https://mastodon.cloud/",
    "username_claimed": "TheAdmin",
    "username_unclaimed": "noonewouldeverusethis7"
  },
  "mastodon.social": {
    "errorType": "status_code",
    "rank": 2748421,
    "url": "https://mastodon.social/@{}",
    "urlMain": "https://chaos.social/",
    "username_claimed": "Gargron",
    "username_unclaimed": "noonewouldeverusethis7"
  },
  "mastodon.technology": {
    "errorType": "status_code",
    "rank": 1290850,
    "url": "https://mastodon.technology/@{}",
    "urlMain": "https://mastodon.xyz/",
    "username_claimed": "ashfurrow",
    "username_unclaimed": "noonewouldeverusethis7"
  },
  "mastodon.xyz": {
    "errorType": "status_code",
    "rank": 1290850,
    "url": "https://mastodon.xyz/@{}",
    "urlMain": "https://mastodon.xyz/",
    "username_claimed": "TheKinrar",
    "username_unclaimed": "noonewouldeverusethis7"
  },
  "metacritic": {
    "errorMsg": "User not found",
    "errorType": "message",
    "regexCheck": "^(?![-_])[A-Za-z0-9-_]{3,15}$",
    "rank": 2207,
    "url": "https://www.metacritic.com/user/{}",
    "urlMain": "https://www.metacritic.com/",
    "username_claimed": "blue",
    "username_unclaimed": "noneownsthisusername"
  },
  "mixer.com": {
    "errorType": "status_code",
    "rank": 1541,
    "url": "https://mixer.com/{}",
    "urlMain": "https://mixer.com/",
    "urlProbe": "https://mixer.com/api/v1/channels/{}",
    "username_claimed": "blue",
    "username_unclaimed": "noonewouldeverusethis7"
  },
  "moikrug": {
    "errorType": "status_code",
    "rank": 56912,
    "url": "https://moikrug.ru/{}",
    "urlMain": "https://moikrug.ru/",
    "username_claimed": "blue",
    "username_unclaimed": "noonewouldeverusethis7"
  },
  "mstdn.io": {
    "errorType": "status_code",
    "rank": 711776,
    "url": "https://mstdn.io/@{}",
    "urlMain": "https://mstdn.io/",
    "username_claimed": "blue",
    "username_unclaimed": "noonewouldeverusethis7"
  },
  "nnRU": {
    "errorType": "status_code",
    "rank": 0,
    "url": "https://{}.www.nn.ru/",
    "urlMain": "https://https://www.nn.ru/",
    "username_claimed": "blue",
    "username_unclaimed": "noonewouldeverusethis7"
  },
  "notabug.org": {
    "errorType": "status_code",
    "rank": 170348,
    "url": "https://notabug.org/{}",
    "urlMain": "https://notabug.org/",
    "urlProbe": "https://notabug.org/{}/followers",
    "username_claimed": "red",
    "username_unclaimed": "noonewouldeverusethis7"
  },
  "note": {
    "errorType": "status_code",
    "rank": 1218,
    "url": "https://note.com/{}",
    "urlMain": "https://note.com/",
    "username_claimed": "blue",
    "username_unclaimed": "noonewouldeverusethis7"
  },
  "opennet": {
    "errorMsg": "\u0418\u043c\u044f \u0443\u0447\u0430\u0441\u0442\u043d\u0438\u043a\u0430 \u043d\u0435 \u043d\u0430\u0439\u0434\u0435\u043d\u043e",
    "errorType": "message",
    "rank": 42911,
    "url": "https://www.opennet.ru/~{}",
    "urlMain": "https://www.opennet.ru/",
    "username_claimed": "anonismus",
    "username_unclaimed": "noneownsthisusername"
  },
  "opensource": {
    "errorType": "status_code",
    "rank": 8790,
    "url": "https://opensource.com/users/{}",
    "urlMain": "https://opensource.com/",
    "username_claimed": "red",
    "username_unclaimed": "noonewouldeverusethis7"
  },
  "osu!": {
    "errorType": "status_code",
    "rank": 3985,
    "url": "https://osu.ppy.sh/users/{}",
    "urlMain": "https://osu.ppy.sh/",
    "username_claimed": "blue",
    "username_unclaimed": "noonewouldeverusethis7"
  },
  "pedsovet": {
    "errorMsg": "\u041f\u043e\u043b\u044c\u0437\u043e\u0432\u0430\u0442\u0435\u043b\u044c \u043d\u0435 \u043d\u0430\u0439\u0434\u0435\u043d",
    "errorType": "message",
    "rank": 6004,
    "url": "http://pedsovet.su/index/8-0-{}",
    "urlMain": "http://pedsovet.su/",
    "username_claimed": "blue",
    "username_unclaimed": "noonewouldeverusethis7"
  },
  "phpRU": {
    "errorMsg": "\u0423\u043a\u0430\u0437\u0430\u043d\u043d\u044b\u0439 \u043f\u043e\u043b\u044c\u0437\u043e\u0432\u0430\u0442\u0435\u043b\u044c \u043d\u0435 \u043d\u0430\u0439\u0434\u0435\u043d. \u041f\u043e\u0436\u0430\u043b\u0443\u0439\u0441\u0442\u0430, \u0432\u0432\u0435\u0434\u0438\u0442\u0435 \u0434\u0440\u0443\u0433\u043e\u0435 \u0438\u043c\u044f.",
    "errorType": "message",
    "rank": 151295,
    "url": "https://php.ru/forum/members/?username={}",
    "urlMain": "https://php.ru/forum/",
    "username_claimed": "apple",
    "username_unclaimed": "noonewouldeverusethis7"
  },
  "pikabu": {
    "errorType": "status_code",
    "rank": 768,
    "url": "https://pikabu.ru/@{}",
    "urlMain": "https://pikabu.ru/",
    "username_claimed": "blue",
    "username_unclaimed": "noonewouldeverusethis7"
  },
  "pr0gramm": {
    "errorType": "status_code",
    "rank": 4286,
    "url": "https://pr0gramm.com/api/profile/info?name={}",
    "urlMain": "https://pr0gramm.com/",
    "username_claimed": "cha0s",
    "username_unclaimed": "noonewouldeverusethis123123123123123123"
  },
  "pvpru": {
    "errorType": "status_code",
    "rank": 340176,
    "url": "https://pvpru.com/board/member.php?username={}&tab=aboutme#aboutme",
    "urlMain": "https://pvpru.com/",
    "username_claimed": "blue",
    "username_unclaimed": "noonewouldeverusethis7"
  },
  "radio_echo_msk": {
    "errorType": "status_code",
    "rank": 1736,
    "url": "https://echo.msk.ru/users/{}",
    "urlMain": "https://echo.msk.ru/",
    "username_claimed": "blue",
    "username_unclaimed": "noonewouldeverusethis7"
  },
  "radioskot": {
    "errorMsg": "\u041f\u043e\u043b\u044c\u0437\u043e\u0432\u0430\u0442\u0435\u043b\u044c \u043d\u0435 \u043d\u0430\u0439\u0434\u0435\u043d",
    "errorType": "message",
    "rank": 107371,
    "url": "https://radioskot.ru/index/8-0-{}",
    "urlMain": "https://radioskot.ru/",
    "username_claimed": "red",
    "username_unclaimed": "noonewouldeverusethis7"
  },
  "satsisRU": {
    "errorType": "status_code",
    "rank": 242388,
    "url": "https://satsis.info/user/{}",
    "urlMain": "https://satsis.info/",
    "username_claimed": "red",
    "username_unclaimed": "noonewouldeverusethis7"
  },
  "segmentfault": {
    "errorType": "status_code",
    "rank": 854,
    "url": "https://segmentfault.com/u/{}",
    "urlMain": "https://segmentfault.com/",
    "username_claimed": "bule",
    "username_unclaimed": "noonewouldeverusethis7"
  },
  "social.tchncs.de": {
    "errorType": "status_code",
    "rank": 449854,
    "url": "https://social.tchncs.de/@{}",
    "urlMain": "https://social.tchncs.de/",
    "username_claimed": "Milan",
    "username_unclaimed": "noonewouldeverusethis7"
  },
  "sparkpeople": {
    "errorMsg": "We couldn't find that user",
    "errorType": "message",
    "rank": 16278,
    "url": "https://www.sparkpeople.com/mypage.asp?id={}",
    "urlMain": "https://www.sparkpeople.com",
    "username_claimed": "adam",
    "username_unclaimed": "noonewouldeverusethis7"
  },
  "spletnik": {
    "errorType": "status_code",
    "rank": 7614,
    "url": "https://spletnik.ru/user/{}",
    "urlMain": "https://spletnik.ru/",
    "username_claimed": "blue",
    "username_unclaimed": "noonewouldeverusethis7"
  },
  "svidbook": {
    "errorType": "status_code",
    "rank": 3134232,
    "url": "https://www.svidbook.ru/user/{}",
    "urlMain": "https://www.svidbook.ru/",
    "username_claimed": "green",
    "username_unclaimed": "noonewouldeverusethis7"
  },
  "toster": {
    "errorType": "status_code",
    "rank": 32941,
    "url": "https://www.toster.ru/user/{}/answers",
    "urlMain": "https://www.toster.ru/",
    "username_claimed": "adam",
    "username_unclaimed": "noonewouldeverusethis7"
  },
  "travellerspoint": {
    "errorMsg": "Wooops. Sorry!",
    "errorType": "message",
    "rank": 39089,
    "url": "https://www.travellerspoint.com/users/{}",
    "urlMain": "https://www.travellerspoint.com",
    "username_claimed": "blue",
    "username_unclaimed": "noonewouldeverusethis7"
  },
  "uid": {
    "errorType": "status_code",
    "rank": 25689,
    "url": "http://uid.me/{}",
    "urlMain": "https://uid.me/",
    "username_claimed": "blue",
    "username_unclaimed": "noonewouldeverusethis7"
  },
  "warriorforum": {
    "errorType": "status_code",
    "rank": 3426,
    "url": "https://www.warriorforum.com/members/{}.html",
    "urlMain": "https://www.warriorforum.com/",
    "username_claimed": "blue",
    "username_unclaimed": "noonewouldeverusethis77777"
  },
  "windy": {
    "errorType": "status_code",
    "rank": 0,
    "url": "https://community.windy.com/user/{}",
    "urlMain": "https://windy.com/",
    "username_claimed": "blue",
    "username_unclaimed": "noonewouldeverusethis7"
  },
  "soylentnews": {
    "errorMsg": "The user you requested does not exist, no matter how much you wish this might be the case.",
    "errorType": "message",    
    "rank": 1312907,
    "url": "https://soylentnews.org/~{}",
    "urlMain": "https://soylentnews.org",
    "username_claimed": "adam",
    "username_unclaimed": "noonewouldeverusethis7"
  }
}
